{
    "app_name" : {
        "ja" : "盛岡市古地図アプリ",
        "en" : "Historical Map Application of Morioka"
    },
    "lang" : "ja",
    "fake_gps" : true,
    "fake_center" : {
        "ja" : "盛岡市",
        "en" : "Morioka"
    },
    "fake_radius" : 10,
    "home_position" : [141.149989,39.699952],
    "default_zoom" : 17,
    "sources" : [
        {
            "mapID"     : "morioka_ndl"
        },
        {
            "mapID"     : "morioka"
        },
        "gsi",
        "osm"
    ], 
    "pois" :[
        {
            "name" : {
                "ja" : "盛岡城",
                "en" : "Morioka Castle"
            },
            "address" : "岩手県盛岡市内丸1-37",
            "lat" : 39.69994722,
            "lng" : 141.1501111,
            "start" : 1598,
            "desc" : "南部（盛岡）藩南部氏の居城である。西部を流れる北上川と南東部を流れる中津川の合流地、現在の盛岡市中心部にあった花崗岩丘陵に築城された連郭式平山城。",
            "image" : "moriokajo.jpg"
        },{
            "name" : "盛岡銀行本店本館",
            "address" : "岩手県盛岡市中ノ橋通1-2-20",
            "lat" : 39.7006006,
            "lng" : 141.1529555,
            "start" : 1896,
            "desc" : "明治期に岩手県盛岡で設立された銀行。1896年盛岡の財界人の尽力により、商業銀行として創設された。",
            "image" : "moriokaginko.jpg"
        },{
            "name" : "桜山神社",
            "address" : "岩手県盛岡市内丸1-42",
            "lat" : 39.701599,
            "lng" : 141.151995,
            "start" : 1749,
            "desc" : "寛延２年創建で当時の藩主南部利視が初代藩主南部信直の功績を称え社殿を建立し御霊を勧請したのが始まりとされている。",
            "image" : "sakurayama_jinja.jpg"
        },{
            "name" : "石割桜",
            "address" : "岩手県盛岡市内丸9-1(盛岡地方裁判所敷地内)",
            "lat" : 39.703736,
            "lng" : 141.151137,
            "start" : 1650,
            "desc" : "巨大な花崗岩の割れ目から育った直径約1.35m、樹齢360年を越える桜。1923年（大正12年）に国の天然記念物に指定。",
            "image" : "ishiwari_zakura.jpg"
        },{
            "name" : "三ツ石神社",
            "address" : "岩手県盛岡市名須川町2-1",
            "lat" : 39.7090232,
            "lng" : 141.1521671,
            "start" : 1599,
            "desc" : "市内最古といわれる東顕寺（とうけんじ）の脇の一郭にある神社。境内の奥にそそり立つ三つの巨石が、岩手県名の由来となった「鬼の手形石」。",
            "image" : "mitsuishi_jinja.jpg"
        },{
            "name" : "報恩寺",
            "address" : "岩手県盛岡市名須川町31-5",
            "lat" : 39.7101709,
            "lng" : 141.1556202,
            "start" : 1394,
            "desc" : "創建は応永元年に現在の青森県三戸に南部家13代守行が開基したと言われている。",
            "image" : "houonji.jpg"
        }
    ]
}